name,email
User1,User1@example.com
User2,User2@example.com
User3,User3@example.com
User4,User4@example.com
User5,User5@example.com
User6,User6@example.com
User7,User7@example.com
User8,User8@example.com
User9,User9@example.com
User10,User10@example.com
User11,User11@example.com
User12,User12@example.com
User13,User13@example.com
User14,User14@example.com
User15,User15@example.com
User16,User16@example.com
User17,User17@example.com
User18,User18@example.com
User19,User19@example.com
User20,User20@example.com
User21,User21@example.com
User22,User22@example.com
User23,User23@example.com
User24,User24@example.com
User25,User25@example.com
User26,User26@example.com
User27,User27@example.com
User28,User28@example.com
User29,User29@example.com
User30,User30@example.com
User31,User31@example.com
User32,User32@example.com
User33,User33@example.com
User34,User34@example.com
User35,User35@example.com
User36,User36@example.com
User37,User37@example.com
User38,User38@example.com
User39,User39@example.com
User40,User40@example.com
User41,User41@example.com
User42,User42@example.com
User43,User43@example.com
User44,User44@example.com
User45,User45@example.com
User46,User46@example.com
User47,User47@example.com
User48,User48@example.com
User49,User49@example.com
User50,User50@example.com
User51,User51@example.com
User52,User52@example.com
User53,User53@example.com
User54,User54@example.com
User55,User55@example.com
User56,User56@example.com
User57,User57@example.com
User58,User58@example.com
User59,User59@example.com
User60,User60@example.com
User61,User61@example.com
User62,User62@example.com
User63,User63@example.com
User64,User64@example.com
User65,User65@example.com
User66,User66@example.com
User67,User67@example.com
User68,User68@example.com
User69,User69@example.com
User70,User70@example.com
User71,User71@example.com
User72,User72@example.com
User73,User73@example.com
User74,User74@example.com
User75,User75@example.com
User76,User76@example.com
User77,User77@example.com
User78,User78@example.com
User79,User79@example.com
User80,User80@example.com
User81,User81@example.com
User82,User82@example.com
User83,User83@example.com
User84,User84@example.com
User85,User85@example.com
User86,User86@example.com
User87,User87@example.com
User88,User88@example.com
User89,User89@example.com
User90,User90@example.com
User91,User91@example.com
User92,User92@example.com
User93,User93@example.com
User94,User94@example.com
User95,User95@example.com
User96,User96@example.com
User97,User97@example.com
User98,User98@example.com
User99,User99@example.com
User100,User100@example.com